TRANDATE,Freq,Month,DayofWeek,Hour,Semester,NumSchoolWeek,IsHolidays,IsVacations,IsOpen,PrevFreq,LenStay,PrevFreq2,IsEvent,IsFinal,Year,Date
6/12/2012 19:00,214,12,Thursday,19,Fall,16,0,0,1,248,59.97948718,225,0,0,2012,6
6/12/2012 20:00,195,12,Thursday,20,Fall,16,0,0,1,214,55.73333333,248,0,0,2012,6
6/12/2012 21:00,162,12,Thursday,21,Fall,16,0,0,1,195,68.23913043,214,0,0,2012,6
6/12/2012 22:00,48,12,Thursday,22,Fall,16,0,0,1,162,62.86956522,195,0,0,2012,6
6/12/2012 23:00,2,12,Thursday,23,Fall,16,0,0,1,48,47,162,0,0,2012,6
7/12/2012 0:00,0,12,Friday,0,Fall,16,1,0,0,2,0,48,0,0,2012,7
7/12/2012 1:00,0,12,Friday,1,Fall,16,0,0,0,0,0,2,0,0,2012,7
7/12/2012 2:00,0,12,Friday,2,Fall,16,0,0,0,0,0,0,0,0,2012,7
7/12/2012 3:00,0,12,Friday,3,Fall,16,0,1,0,0,0,0,0,0,2012,7
7/12/2012 4:00,0,12,Friday,4,Fall,16,0,0,0,0,0,0,0,0,2012,7
7/12/2012 5:00,53,12,Friday,5,Fall,16,0,0,1,0,68,0,0,0,2012,7
7/12/2012 6:00,65,12,Friday,6,Fall,16,0,1,1,53,97.42465753,0,1,0,2012,7
7/12/2012 7:00,69,12,Friday,7,Fall,16,0,0,1,65,66.92361111,53,0,0,2012,7
7/12/2012 8:00,76,12,Friday,8,Fall,16,0,0,1,69,49.88288288,65,0,0,2012,7
7/12/2012 9:00,60,12,Friday,9,Fall,16,0,0,1,76,120.7173913,69,0,0,2012,7
7/12/2012 10:00,83,12,Friday,10,Fall,16,0,0,1,60,106.4615385,76,0,0,2012,7
7/12/2012 11:00,92,12,Friday,11,Fall,16,0,0,1,83,100.968,60,0,0,2012,7
7/12/2012 12:00,114,12,Friday,12,Fall,16,0,0,1,92,117.2117647,83,0,0,2012,7
7/12/2012 13:00,132,12,Friday,13,Fall,16,0,0,1,114,137.8357143,92,0,0,2012,7
7/12/2012 14:00,162,12,Friday,14,Fall,16,0,0,1,132,156.6848485,114,0,0,2012,7
7/12/2012 15:00,215,12,Friday,15,Fall,16,0,0,1,162,107.9467456,132,0,0,2012,7
7/12/2012 16:00,293,12,Friday,16,Fall,16,0,0,1,215,87.4787234,162,0,0,2012,7
7/12/2012 17:00,228,12,Friday,17,Fall,16,0,0,1,293,79.17180617,215,0,0,2012,7
7/12/2012 18:00,148,12,Friday,18,Fall,16,0,0,1,228,54.33802817,293,0,0,2012,7
7/12/2012 19:00,114,12,Friday,19,Fall,16,0,0,1,148,62.60869565,228,0,0,2012,7
7/12/2012 20:00,121,12,Friday,20,Fall,16,0,0,1,114,51.74305556,148,0,0,2012,7
7/12/2012 21:00,107,12,Friday,21,Fall,16,0,0,1,121,73.925,114,0,0,2012,7
7/12/2012 22:00,48,12,Friday,22,Fall,16,0,0,1,107,78,121,0,0,2012,7
7/12/2012 23:00,2,12,Friday,23,Fall,16,0,0,1,48,0,107,0,0,2012,7
8/12/2012 0:00,0,12,Saturday,0,Fall,16,0,0,0,2,0,48,0,0,2012,8
8/12/2012 1:00,0,12,Saturday,1,Fall,16,0,0,0,0,0,2,0,0,2012,8
8/12/2012 2:00,0,12,Saturday,2,Fall,16,0,0,0,0,0,0,0,0,2012,8
8/12/2012 3:00,0,12,Saturday,3,Fall,16,0,0,0,0,0,0,0,0,2012,8
8/12/2012 4:00,0,12,Saturday,4,Fall,16,0,0,0,0,0,0,0,0,2012,8
8/12/2012 5:00,0,12,Saturday,5,Fall,16,0,0,0,0,0,0,0,0,2012,8
8/12/2012 6:00,0,12,Saturday,6,Fall,16,0,0,0,0,0,0,0,0,2012,8
8/12/2012 7:00,0,12,Saturday,7,Fall,16,0,0,0,0,0,0,0,0,2012,8
8/12/2012 8:00,8,12,Saturday,8,Fall,16,0,0,0,0,0,0,0,0,2012,8
8/12/2012 9:00,108,12,Saturday,9,Fall,16,0,0,1,8,97.81188119,0,0,0,2012,8
8/12/2012 10:00,112,12,Saturday,10,Fall,16,0,0,1,108,70.10606061,8,0,0,2012,8
8/12/2012 11:00,109,12,Saturday,11,Fall,16,0,0,1,112,73.98473282,108,0,0,2012,8
8/12/2012 12:00,120,12,Saturday,12,Fall,16,0,0,1,109,110.3481481,112,0,0,2012,8
8/12/2012 13:00,161,12,Saturday,13,Fall,16,0,0,1,120,103.5555556,109,0,0,2012,8
8/12/2012 14:00,158,12,Saturday,14,Fall,16,0,0,1,161,85.23602484,120,0,0,2012,8
8/12/2012 15:00,201,12,Saturday,15,Fall,16,0,0,1,158,77.38461538,161,0,0,2012,8
8/12/2012 16:00,248,12,Saturday,16,Fall,16,0,0,1,201,81.95348837,158,0,0,2012,8
8/12/2012 17:00,221,12,Saturday,17,Fall,16,0,0,1,248,67.68686869,201,0,0,2012,8
8/12/2012 18:00,153,12,Saturday,18,Fall,16,0,0,1,221,49.47058824,248,0,0,2012,8
8/12/2012 19:00,117,12,Saturday,19,Fall,16,0,0,1,153,61.92592593,221,0,0,2012,8
8/12/2012 20:00,110,12,Saturday,20,Fall,16,0,0,1,117,71,153,0,0,2012,8
8/12/2012 21:00,83,12,Saturday,21,Fall,16,0,0,1,110,83.57894737,117,0,0,2012,8
8/12/2012 22:00,46,12,Saturday,22,Fall,16,0,0,1,83,61,110,0,0,2012,8
8/12/2012 23:00,3,12,Saturday,23,Fall,16,0,0,1,46,0,83,0,0,2012,8
9/12/2012 0:00,0,12,Sunday,0,Fall,16,0,0,0,3,0,46,0,0,2012,9
9/12/2012 1:00,0,12,Sunday,1,Fall,16,0,0,0,0,0,3,0,0,2012,9
9/12/2012 2:00,0,12,Sunday,2,Fall,16,0,0,0,0,0,0,0,0,2012,9
9/12/2012 3:00,0,12,Sunday,3,Fall,16,0,0,0,0,0,0,0,0,2012,9
9/12/2012 4:00,0,12,Sunday,4,Fall,16,0,0,0,0,0,0,0,0,2012,9
9/12/2012 5:00,0,12,Sunday,5,Fall,16,0,0,0,0,0,0,0,0,2012,9
9/12/2012 6:00,0,12,Sunday,6,Fall,16,0,0,0,0,0,0,0,0,2012,9
9/12/2012 7:00,0,12,Sunday,7,Fall,16,0,0,0,0,0,0,0,0,2012,9
9/12/2012 8:00,6,12,Sunday,8,Fall,16,0,0,0,0,138,0,0,0,2012,9
9/12/2012 9:00,142,12,Sunday,9,Fall,16,0,0,1,6,94.28235294,0,0,0,2012,9
9/12/2012 10:00,85,12,Sunday,10,Fall,16,0,0,1,142,110.4814815,6,0,0,2012,9
9/12/2012 11:00,104,12,Sunday,11,Fall,16,0,0,1,85,112.8767123,142,0,0,2012,9
9/12/2012 12:00,98,12,Sunday,12,Fall,16,0,0,1,104,71.67213115,85,0,0,2012,9
9/12/2012 13:00,94,12,Sunday,13,Fall,16,0,0,1,98,86.37593985,104,0,0,2012,9
9/12/2012 14:00,134,12,Sunday,14,Fall,16,0,0,1,94,66.23684211,98,0,0,2012,9
9/12/2012 15:00,116,12,Sunday,15,Fall,16,0,0,1,134,95.2459893,94,0,0,2012,9
28-04-2013 13:00,112,4,Sunday,13,Spring,16,0,0,1,115,86.37593985,105,0,0,2013,28
28-04-2013 14:00,86,4,Sunday,14,Spring,16,0,0,1,112,66.23684211,115,0,0,2013,28
28-04-2013 15:00,106,4,Sunday,15,Spring,16,0,0,1,86,95.2459893,112,0,0,2013,28
28-04-2013 16:00,133,4,Sunday,16,Spring,16,0,0,1,106,84.95428571,86,0,0,2013,28
28-04-2013 17:00,127,4,Sunday,17,Spring,16,0,0,1,133,70.71257485,106,0,0,2013,28
28-04-2013 18:00,158,4,Sunday,18,Spring,16,0,0,1,127,60.62585034,133,0,0,2013,28
28-04-2013 19:00,108,4,Sunday,19,Spring,16,0,0,1,158,56.52083333,127,0,0,2013,28
28-04-2013 20:00,157,4,Sunday,20,Spring,16,0,0,1,108,68.53846154,158,0,0,2013,28
28-04-2013 21:00,106,4,Sunday,21,Spring,16,0,0,1,157,74.125,108,0,0,2013,28
28-04-2013 22:00,49,4,Sunday,22,Spring,16,0,0,1,106,53.61538462,157,0,0,2013,28
28-04-2013 23:00,0,4,Sunday,23,Spring,16,0,0,1,49,0,106,0,0,2013,28
29-04-2013 00:00,0,4,Monday,0,Spring,17,0,0,0,0,0,49,0,1,2013,29
29-04-2013 01:00,0,4,Monday,1,Spring,17,0,0,0,0,0,0,0,1,2013,29
29-04-2013 02:00,0,4,Monday,2,Spring,17,0,0,0,0,0,0,0,1,2013,29
29-04-2013 03:00,0,4,Monday,3,Spring,17,0,0,0,0,0,0,0,1,2013,29
29-04-2013 04:00,0,4,Monday,4,Spring,17,0,0,0,0,0,0,0,1,2013,29
29-04-2013 05:00,58,4,Monday,5,Spring,17,0,0,1,0,48,0,0,1,2013,29
29-04-2013 06:00,74,4,Monday,6,Spring,17,0,0,1,58,80.06086957,0,0,1,2013,29
29-04-2013 07:00,72,4,Monday,7,Spring,17,0,0,1,74,61.25396825,58,0,1,2013,29
29-04-2013 08:00,94,4,Monday,8,Spring,17,0,0,1,72,99.30379747,74,0,1,2013,29
29-04-2013 09:00,105,4,Monday,9,Spring,17,0,0,1,94,151.2,72,0,1,2013,29
29-04-2013 10:00,140,4,Monday,10,Spring,17,0,0,1,105,102.6615385,94,0,1,2013,29
29-04-2013 11:00,224,4,Monday,11,Spring,17,0,0,1,140,64.74712644,105,0,1,2013,29
29-04-2013 12:00,196,4,Monday,12,Spring,17,0,0,1,224,67.94871795,140,0,1,2013,29
29-04-2013 13:00,138,4,Monday,13,Spring,17,0,0,1,196,64,224,0,1,2013,29
29-04-2013 14:00,159,4,Monday,14,Spring,17,0,0,1,138,100.0707071,196,0,1,2013,29
29-04-2013 15:00,175,4,Monday,15,Spring,17,0,0,1,159,55.20353982,138,0,1,2013,29
29-04-2013 16:00,186,4,Monday,16,Spring,17,0,0,1,175,87.47407407,159,0,1,2013,29
29-04-2013 17:00,232,4,Monday,17,Spring,17,0,0,1,186,75.7218543,175,0,1,2013,29
29-04-2013 18:00,190,4,Monday,18,Spring,17,0,0,1,232,58.34437086,186,0,1,2013,29
29-04-2013 19:00,217,4,Monday,19,Spring,17,0,0,1,190,84.54098361,232,1,1,2013,29
29-04-2013 20:00,225,4,Monday,20,Spring,17,0,0,1,217,68.36486486,190,0,1,2013,29
29-04-2013 21:00,184,4,Monday,21,Spring,17,0,0,1,225,72.85714286,217,0,1,2013,29
29-04-2013 22:00,47,4,Monday,22,Spring,17,0,0,1,184,61.2,225,0,1,2013,29
29-04-2013 23:00,3,4,Monday,23,Spring,17,0,0,1,47,50.5,184,0,1,2013,29
30-04-2013 00:00,0,4,Tuesday,0,Spring,17,1,0,0,3,0,47,0,1,2013,30
30-04-2013 01:00,0,4,Tuesday,1,Spring,17,0,0,0,0,0,3,0,1,2013,30
30-04-2013 02:00,0,4,Tuesday,2,Spring,17,0,0,0,0,0,0,0,1,2013,30
30-04-2013 03:00,0,4,Tuesday,3,Spring,17,0,0,0,0,0,0,0,1,2013,30
30-04-2013 04:00,0,4,Tuesday,4,Spring,17,0,0,0,0,0,0,0,1,2013,30
30-04-2013 05:00,50,4,Tuesday,5,Spring,17,0,0,1,0,81,0,0,1,2013,30
30-04-2013 06:00,58,4,Tuesday,6,Spring,17,0,0,1,50,141.4580153,0,0,1,2013,30
30-04-2013 07:00,75,4,Tuesday,7,Spring,17,0,0,1,58,99.9009901,50,0,1,2013,30
30-04-2013 08:00,96,4,Tuesday,8,Spring,17,0,0,1,75,95.44117647,58,0,1,2013,30
30-04-2013 09:00,142,4,Tuesday,9,Spring,17,0,0,1,96,111.3578947,75,0,1,2013,30
30-04-2013 10:00,144,4,Tuesday,10,Spring,17,0,0,1,142,111.1153846,96,0,1,2013,30
30-04-2013 11:00,201,4,Tuesday,11,Spring,17,0,0,1,144,64.00769231,142,0,1,2013,30
30-04-2013 12:00,182,4,Tuesday,12,Spring,17,0,0,1,201,138.4178082,144,0,1,2013,30
30-04-2013 13:00,163,4,Tuesday,13,Spring,17,0,0,1,182,112.6576577,201,0,1,2013,30
30-04-2013 14:00,129,4,Tuesday,14,Spring,17,0,0,1,163,85.00775194,182,0,1,2013,30
30-04-2013 15:00,189,4,Tuesday,15,Spring,17,0,0,1,129,110.4385965,163,0,1,2013,30
30-04-2013 16:00,232,4,Tuesday,16,Spring,17,0,0,1,189,86.18041237,129,0,1,2013,30
30-04-2013 17:00,224,4,Tuesday,17,Spring,17,0,0,1,232,120.3604061,189,0,1,2013,30
30-04-2013 18:00,161,4,Tuesday,18,Spring,17,0,0,1,224,92.41463415,232,0,1,2013,30
30-04-2013 19:00,124,4,Tuesday,19,Spring,17,0,0,1,161,71.98984772,224,0,1,2013,30
30-04-2013 20:00,152,4,Tuesday,20,Spring,17,0,0,1,124,53.43956044,161,0,1,2013,30
30-04-2013 21:00,136,4,Tuesday,21,Spring,17,0,0,1,152,60.75,124,0,1,2013,30
30-04-2013 22:00,53,4,Tuesday,22,Spring,17,0,0,1,136,69.07692308,152,0,1,2013,30
30-04-2013 23:00,1,4,Tuesday,23,Spring,17,0,0,1,53,33.71428571,136,0,1,2013,30
1/5/2013 0:00,0,5,Wednesday,0,Spring,17,0,0,0,1,0,53,0,1,2013,1
1/5/2013 1:00,0,5,Wednesday,1,Spring,17,0,0,0,0,0,1,0,1,2013,1
1/5/2013 2:00,0,5,Wednesday,2,Spring,17,0,0,0,0,0,0,0,1,2013,1
1/5/2013 3:00,0,5,Wednesday,3,Spring,17,0,0,0,0,0,0,0,1,2013,1
1/5/2013 4:00,0,5,Wednesday,4,Spring,17,0,0,0,0,0,0,0,1,2013,1
1/5/2013 5:00,36,5,Wednesday,5,Spring,17,0,0,1,0,112.5,0,0,1,2013,1
1/5/2013 6:00,62,5,Wednesday,6,Spring,17,0,0,1,36,114.528169,0,0,1,2013,1
1/5/2013 7:00,74,5,Wednesday,7,Spring,17,0,0,1,62,76.71052632,36,0,1,2013,1
1/5/2013 8:00,96,5,Wednesday,8,Spring,17,0,0,1,74,52.3255814,62,0,1,2013,1
1/5/2013 9:00,76,5,Wednesday,9,Spring,17,0,0,1,96,172.6,74,0,1,2013,1
1/5/2013 10:00,165,5,Wednesday,10,Spring,17,0,0,1,76,151.75,96,0,1,2013,1
1/5/2013 11:00,156,5,Wednesday,11,Spring,17,0,0,1,165,105.1858407,76,0,1,2013,1
1/5/2013 12:00,156,5,Wednesday,12,Spring,17,0,0,1,156,97.62658228,165,0,1,2013,1
1/5/2013 13:00,128,5,Wednesday,13,Spring,17,0,0,1,156,95.71544715,156,0,1,2013,1
1/5/2013 14:00,128,5,Wednesday,14,Spring,17,0,0,1,128,98.48,156,0,1,2013,1
1/5/2013 15:00,158,5,Wednesday,15,Spring,17,0,0,1,128,102.6025641,128,0,1,2013,1
1/5/2013 16:00,129,5,Wednesday,16,Spring,17,0,0,1,158,85.46666667,128,0,1,2013,1
1/5/2013 17:00,199,5,Wednesday,17,Spring,17,0,0,1,129,74.16494845,158,0,1,2013,1
1/5/2013 18:00,151,5,Wednesday,18,Spring,17,0,0,1,199,59.453125,129,0,1,2013,1
1/5/2013 19:00,156,5,Wednesday,19,Spring,17,0,0,1,151,45.08743169,199,0,1,2013,1
1/5/2013 20:00,159,5,Wednesday,20,Spring,17,0,0,1,156,35.4962963,151,0,1,2013,1
1/5/2013 21:00,142,5,Wednesday,21,Spring,17,0,0,1,159,57.675,156,0,1,2013,1
1/5/2013 22:00,69,5,Wednesday,22,Spring,17,0,0,1,142,68.83333333,159,0,1,2013,1
1/5/2013 23:00,1,5,Wednesday,23,Spring,17,0,0,1,69,14,142,0,1,2013,1
2/5/2013 0:00,0,5,Thursday,0,Spring,17,0,0,0,1,0,69,0,1,2013,2
2/5/2013 1:00,0,5,Thursday,1,Spring,17,0,0,0,0,0,1,0,1,2013,2
2/5/2013 2:00,0,5,Thursday,2,Spring,17,0,0,0,0,0,0,0,1,2013,2
2/5/2013 3:00,0,5,Thursday,3,Spring,17,0,0,0,0,0,0,0,1,2013,2
2/5/2013 4:00,0,5,Thursday,4,Spring,17,0,0,0,0,0,0,0,1,2013,2
2/5/2013 5:00,49,5,Thursday,5,Spring,17,0,0,1,0,60.66666667,0,0,1,2013,2
2/5/2013 6:00,53,5,Thursday,6,Spring,17,0,0,1,49,101.7706422,0,0,1,2013,2
2/5/2013 7:00,60,5,Thursday,7,Spring,17,0,0,1,53,102.8217822,49,0,1,2013,2
2/5/2013 8:00,89,5,Thursday,8,Spring,17,0,0,1,60,117.4257426,53,0,1,2013,2
2/5/2013 9:00,79,5,Thursday,9,Spring,17,0,0,1,89,145.5686275,60,0,1,2013,2
2/5/2013 10:00,92,5,Thursday,10,Spring,17,0,0,1,79,101.0120482,89,0,1,2013,2
2/5/2013 11:00,116,5,Thursday,11,Spring,17,0,0,1,92,56.18253968,79,0,1,2013,2
2/5/2013 12:00,110,5,Thursday,12,Spring,17,0,0,1,116,64.35,92,0,1,2013,2
2/5/2013 13:00,117,5,Thursday,13,Spring,17,0,0,1,110,71.87356322,116,0,1,2013,2
2/5/2013 14:00,115,5,Thursday,14,Spring,17,0,0,1,117,90.37383178,110,0,1,2013,2
2/5/2013 15:00,128,5,Thursday,15,Spring,17,0,0,1,115,131.967033,117,0,1,2013,2
2/5/2013 16:00,163,5,Thursday,16,Spring,17,0,0,1,128,109.9004975,115,0,1,2013,2
2/5/2013 17:00,170,5,Thursday,17,Spring,17,0,0,1,163,65.03703704,128,0,1,2013,2
2/5/2013 18:00,137,5,Thursday,18,Spring,17,0,0,1,170,43.65975104,163,0,1,2013,2
2/5/2013 19:00,105,5,Thursday,19,Spring,17,0,0,1,137,59.97948718,170,0,1,2013,2
2/5/2013 20:00,125,5,Thursday,20,Spring,17,0,0,1,105,55.73333333,137,0,1,2013,2
2/5/2013 21:00,87,5,Thursday,21,Spring,17,0,0,1,125,68.23913043,105,0,1,2013,2
2/5/2013 22:00,61,5,Thursday,22,Spring,17,0,0,1,87,62.86956522,125,0,1,2013,2
2/5/2013 23:00,1,5,Thursday,23,Spring,17,0,0,1,61,47,87,0,1,2013,2
3/5/2013 0:00,0,5,Friday,0,Spring,17,0,0,0,1,0,61,0,1,2013,3
3/5/2013 1:00,0,5,Friday,1,Spring,17,0,0,0,0,0,1,0,1,2013,3
3/5/2013 2:00,0,5,Friday,2,Spring,17,0,0,0,0,0,0,0,1,2013,3
3/5/2013 3:00,0,5,Friday,3,Spring,17,0,0,0,0,0,0,0,1,2013,3
3/5/2013 4:00,0,5,Friday,4,Spring,17,0,0,0,0,0,0,0,1,2013,3
3/5/2013 5:00,48,5,Friday,5,Spring,17,0,0,1,0,68,0,0,1,2013,3
3/5/2013 6:00,32,5,Friday,6,Spring,17,0,0,1,48,97.42465753,0,0,1,2013,3
3/5/2013 7:00,48,5,Friday,7,Spring,17,0,0,1,32,66.92361111,48,0,1,2013,3
3/5/2013 8:00,75,5,Friday,8,Spring,17,0,0,1,48,49.88288288,32,0,1,2013,3
3/5/2013 9:00,95,5,Friday,9,Spring,17,0,0,1,75,120.7173913,48,0,1,2013,3
3/5/2013 10:00,98,5,Friday,10,Spring,17,0,0,1,95,106.4615385,75,0,1,2013,3
3/5/2013 11:00,89,5,Friday,11,Spring,17,0,0,1,98,100.968,95,0,1,2013,3
3/5/2013 12:00,94,5,Friday,12,Spring,17,0,0,1,89,117.2117647,98,0,1,2013,3
3/5/2013 13:00,70,5,Friday,13,Spring,17,0,0,1,94,137.8357143,89,0,1,2013,3
3/5/2013 14:00,79,5,Friday,14,Spring,17,0,0,1,70,156.6848485,94,0,1,2013,3
3/5/2013 15:00,75,5,Friday,15,Spring,17,0,0,1,79,107.9467456,70,0,1,2013,3
3/5/2013 16:00,97,5,Friday,16,Spring,17,0,0,1,75,87.4787234,79,0,1,2013,3
3/5/2013 17:00,85,5,Friday,17,Spring,17,0,0,1,97,79.17180617,75,0,1,2013,3
3/5/2013 18:00,56,5,Friday,18,Spring,17,0,0,1,85,54.33802817,97,0,1,2013,3
3/5/2013 19:00,55,5,Friday,19,Spring,17,0,0,1,56,62.60869565,85,0,1,2013,3
3/5/2013 20:00,42,5,Friday,20,Spring,17,0,0,1,55,51.74305556,56,0,1,2013,3
3/5/2013 21:00,0,5,Friday,21,Spring,17,0,0,1,42,73.925,55,0,1,2013,3
3/5/2013 22:00,0,5,Friday,22,Spring,17,0,0,0,0,78,42,0,1,2013,3
3/5/2013 23:00,0,5,Friday,23,Spring,17,0,0,0,0,0,0,0,1,2013,3
4/5/2013 0:00,0,5,Saturday,0,N/A,0,0,0,0,0,0,0,0,0,2013,4
4/5/2013 1:00,0,5,Saturday,1,N/A,0,0,0,0,0,0,0,0,0,2013,4
4/5/2013 2:00,0,5,Saturday,2,N/A,0,0,0,0,0,0,0,0,0,2013,4
4/5/2013 3:00,0,5,Saturday,3,N/A,0,0,0,0,0,0,0,0,0,2013,4
4/5/2013 4:00,0,5,Saturday,4,N/A,0,0,0,0,0,0,0,0,0,2013,4
4/5/2013 5:00,0,5,Saturday,5,N/A,0,0,0,0,0,0,0,0,0,2013,4
4/5/2013 6:00,1,5,Saturday,6,N/A,0,0,0,0,0,0,0,0,0,2013,4
4/5/2013 7:00,0,5,Saturday,7,N/A,0,0,0,0,1,0,0,0,0,2013,4
4/5/2013 8:00,8,5,Saturday,8,N/A,0,0,0,0,0,0,1,0,0,2013,4
4/5/2013 9:00,39,5,Saturday,9,N/A,0,0,0,1,8,97.81188119,0,0,0,2013,4
4/5/2013 10:00,35,5,Saturday,10,N/A,0,0,0,1,39,70.10606061,8,0,0,2013,4
4/5/2013 11:00,61,5,Saturday,11,N/A,0,0,0,1,35,73.98473282,39,0,0,2013,4
4/5/2013 12:00,40,5,Saturday,12,N/A,0,0,0,1,61,110.3481481,35,0,0,2013,4
4/5/2013 13:00,45,5,Saturday,13,N/A,0,0,0,1,40,103.5555556,61,0,0,2013,4
4/5/2013 14:00,34,5,Saturday,14,N/A,0,0,0,1,45,85.23602484,40,0,0,2013,4
4/5/2013 15:00,44,5,Saturday,15,N/A,0,0,0,1,34,77.38461538,45,0,0,2013,4
4/5/2013 16:00,68,5,Saturday,16,N/A,0,0,0,1,44,81.95348837,34,0,0,2013,4
4/5/2013 17:00,50,5,Saturday,17,N/A,0,0,0,1,68,67.68686869,44,0,0,2013,4
4/5/2013 18:00,32,5,Saturday,18,N/A,0,0,0,1,50,49.47058824,68,0,0,2013,4
4/5/2013 19:00,0,5,Saturday,19,N/A,0,0,0,1,32,61.92592593,50,0,0,2013,4
4/5/2013 20:00,0,5,Saturday,20,N/A,0,0,0,0,0,71,32,0,0,2013,4
4/5/2013 21:00,0,5,Saturday,21,N/A,0,0,0,0,0,83.57894737,0,0,0,2013,4
4/5/2013 22:00,0,5,Saturday,22,N/A,0,0,0,0,0,61,0,0,0,2013,4
4/5/2013 23:00,0,5,Saturday,23,N/A,0,0,0,0,0,0,0,0,0,2013,4
5/5/2013 0:00,0,5,Sunday,0,N/A,0,0,0,0,0,0,0,0,0,2013,5
5/5/2013 1:00,0,5,Sunday,1,N/A,0,0,0,0,0,0,0,0,0,2013,5
5/5/2013 2:00,0,5,Sunday,2,N/A,0,0,0,0,0,0,0,0,0,2013,5
5/5/2013 3:00,0,5,Sunday,3,N/A,0,0,0,0,0,0,0,0,0,2013,5
5/5/2013 4:00,0,5,Sunday,4,N/A,0,0,0,0,0,0,0,0,0,2013,5
5/5/2013 5:00,0,5,Sunday,5,N/A,0,0,0,0,0,0,0,0,0,2013,5
5/5/2013 6:00,0,5,Sunday,6,N/A,0,0,0,0,0,0,0,0,0,2013,5
5/5/2013 7:00,0,5,Sunday,7,N/A,0,0,0,0,0,0,0,0,0,2013,5
5/5/2013 8:00,4,5,Sunday,8,N/A,0,0,0,0,0,138,0,0,0,2013,5
5/5/2013 9:00,56,5,Sunday,9,N/A,0,0,0,1,4,94.28235294,0,0,0,2013,5
5/5/2013 10:00,47,5,Sunday,10,N/A,0,0,0,1,56,110.4814815,4,0,0,2013,5
5/5/2013 11:00,39,5,Sunday,11,N/A,0,0,0,1,47,112.8767123,56,0,0,2013,5
5/5/2013 12:00,60,5,Sunday,12,N/A,0,0,0,1,39,71.67213115,47,0,0,2013,5
5/5/2013 13:00,55,5,Sunday,13,N/A,0,1,0,1,60,86.37593985,39,0,0,2013,5
5/5/2013 14:00,64,5,Sunday,14,N/A,0,0,0,1,55,66.23684211,60,0,0,2013,5
5/5/2013 15:00,65,5,Sunday,15,N/A,0,0,0,1,64,95.2459893,55,0,0,2013,5
5/5/2013 16:00,81,5,Sunday,16,N/A,0,0,0,1,65,84.95428571,64,0,0,2013,5
5/5/2013 17:00,79,5,Sunday,17,N/A,0,0,0,1,81,70.71257485,65,0,0,2013,5
5/5/2013 18:00,43,5,Sunday,18,N/A,0,0,0,1,79,60.62585034,81,0,0,2013,5
5/5/2013 19:00,0,5,Sunday,19,N/A,0,0,0,1,43,56.52083333,79,0,0,2013,5
5/5/2013 20:00,0,5,Sunday,20,N/A,0,0,0,0,0,68.53846154,43,0,0,2013,5
5/5/2013 21:00,0,5,Sunday,21,N/A,0,0,0,0,0,74.125,0,0,0,2013,5
5/5/2013 22:00,0,5,Sunday,22,N/A,0,0,0,0,0,53.61538462,0,0,0,2013,5
5/5/2013 23:00,0,5,Sunday,23,N/A,0,0,0,0,0,0,0,0,0,2013,5
27-07-2013 01:00,0,7,Saturday,1,Summer,12,0,0,0,0,0,0,0,0,2013,27
27-07-2013 02:00,0,7,Saturday,2,Summer,12,0,0,0,0,0,0,0,0,2013,27
27-07-2013 03:00,0,7,Saturday,3,Summer,12,0,0,0,0,0,0,0,0,2013,27
27-07-2013 04:00,0,7,Saturday,4,Summer,12,0,0,0,0,0,0,0,0,2013,27
27-07-2013 05:00,1,7,Saturday,5,Summer,12,0,1,0,0,0,0,0,0,2013,27
27-07-2013 06:00,0,7,Saturday,6,Summer,12,0,0,0,1,0,0,0,0,2013,27
27-07-2013 07:00,0,7,Saturday,7,Summer,12,0,0,0,0,0,1,0,0,2013,27
27-07-2013 08:00,1,7,Saturday,8,Summer,12,0,0,0,0,0,0,0,0,2013,27
27-07-2013 09:00,30,7,Saturday,9,Summer,12,0,0,1,1,97.81188119,0,0,0,2013,27
27-07-2013 10:00,38,7,Saturday,10,Summer,12,0,0,1,30,70.10606061,1,0,0,2013,27
27-07-2013 11:00,36,7,Saturday,11,Summer,12,0,0,1,38,73.98473282,30,0,0,2013,27
27-07-2013 12:00,28,7,Saturday,12,Summer,12,0,0,1,36,110.3481481,38,0,0,2013,27
27-07-2013 13:00,31,7,Saturday,13,Summer,12,0,0,1,28,103.5555556,36,0,0,2013,27
27-07-2013 14:00,41,7,Saturday,14,Summer,12,1,0,1,31,85.23602484,28,0,0,2013,27
27-07-2013 15:00,48,7,Saturday,15,Summer,12,0,0,1,41,77.38461538,31,0,0,2013,27
27-07-2013 16:00,64,7,Saturday,16,Summer,12,0,0,1,48,81.95348837,41,0,0,2013,27
27-07-2013 17:00,58,7,Saturday,17,Summer,12,0,0,1,64,67.68686869,48,0,0,2013,27
27-07-2013 18:00,32,7,Saturday,18,Summer,12,0,0,1,58,49.47058824,64,0,0,2013,27
27-07-2013 19:00,0,7,Saturday,19,Summer,12,0,0,1,32,61.92592593,58,0,0,2013,27
27-07-2013 20:00,0,7,Saturday,20,Summer,12,0,0,0,0,71,32,0,0,2013,27
27-07-2013 21:00,0,7,Saturday,21,Summer,12,0,0,0,0,83.57894737,0,0,0,2013,27
27-07-2013 22:00,0,7,Saturday,22,Summer,12,0,0,0,0,61,0,0,0,2013,27
27-07-2013 23:00,0,7,Saturday,23,Summer,12,0,0,0,0,0,0,0,0,2013,27
